CHR	START	END	Number of affected Genes	Number of affected Enhancers	Boundary Distance	Boundary Stability	Gene Distance	Enhancer Distance	DDG2P Distance	Gene LOEUF	Enhancer conservation	Gene HI	CTCF Distance	HI LogOdds Score	Exon Overlap	MPOI	Pathogenicity Score	Pathogenicity Label
chr1	10001	21000	0.0	0.0	10001.0	0.7865664671167155	48091.0	818741.0	1146629.0	1.84	0.023896379473167223	0.005218997	784274.0	nan	0.0	0.0	0.009204737532998402	0
chr1	94001	140000	0.0	0.0	94001.0	0.7865664671167155	23993.0	699741.0	1027629.0	1.84	0.023896379473167223	0.005218997	665274.0	nan	0.0	0.0	0.010719440462918724	0
chr1	228001	267000	0.0	0.0	228001.0	0.7865664671167155	157993.0	572741.0	900629.0	1.84	0.023896379473167223	0.005218997	538274.0	nan	0.0	0.0	0.010113235556713817	0
chr1	564001	570000	0.0	0.0	564001.0	0.7865664671167155	290260.0	269741.0	597629.0	1.28	0.023896379473167223	0.017850254	235274.0	nan	0.0	0.0	0.018587040495736142	0
chr1	667001	676000	0.0	0.0	667001.0	0.7865664671167155	184260.0	163741.0	491629.0	1.28	0.023896379473167223	0.017850254	129274.0	nan	0.0	0.0	0.019211466070161727	0
chr1	2585001	2616000	1.0	0.0	744000.0	0.8138241412983485	0.0	10237.0	239765.0	1.647	0.007400185146677573	0.005081826	54739.0	-5.276989850767971	0.0	0.0	0.08364396985154658	0
chr1	16833001	16844000	0.0	0.0	433001.0	0.7545960174924639	44814.0	6563.0	nan	1.147	0.0014863700665166536	0.000800065	7300.0	nan	0.0	0.0	0.10006606773961021	0
chr1	16885001	17125000	2.0	5.0	155000.0	0.8364751836284126	0.0	0.0	nan	0.71	0.8152378479812833	0.082326199	0.0	-2.4014735794784774	1.0	0.4755488626456368	0.21630115095259062	0
chr1	17176001	17276000	1.0	5.0	4000.0	0.8364751836284126	0.0	0.0	nan	0.71	0.2957651984968753	0.082326199	0.0	-2.411152598488654	0.5128205128205128	0.3170325750970912	0.21917049020612256	0
chr1	85980001	86006000	1.0	4.0	260001.0	0.9760540058591263	0.0	0.0	nan	0.952	0.635865611905366	0.655998313	11237.0	0.6455116558633001	0.0	0.0	0.6859826226339241	1
chr1	104164001	104303000	4.0	0.0	44001.0	0.8138241412983485	0.0	222002.0	nan	1.644	0.0004761904988083101	0.010704532	372080.0	-3.5040016624984425	1.0	0.0	0.01100918710918711	0
chr1	120532001	120637000	1.0	3.0	83000.0	0.7865664671167155	0.0	0.0	0.0	0.116	0.2754503167337842	0.911167567	21093.0	2.327974997974936	0.16216216216216217	0.0	0.6531614877587731	1
chr1	120748001	120774000	0.0	1.0	0.0	0.5276397911094128	63756.0	0.0	nan	1.857	0.8064527845686409	0.028909964	151498.0	nan	0.0	0.0	0.13383306751715363	0
chr1	121109001	121141000	0.0	0.0	339000.0	0.8364751836284126	173064.0	13332.0	nan	1.902	0.0087038678777425	0.00343546	183287.0	nan	0.0	0.0	0.0860583459474416	0
chr1	121357001	121406000	0.0	0.0	74000.0	0.8364751836284126	421064.0	70849.0	nan	1.902	0.015174680459015358	0.00343546	431287.0	nan	0.0	0.0	0.03813486044256769	0
chr1	121478001	121485000	0.0	0.0	0.0	0.8364751836284126	542064.0	82.0	nan	1.902	nan	0.00343546	552287.0	nan	0.0	0.0	0.07835788127588103	0
chr1	142536001	142731000	0.0	2.0	16001.0	0.9465673162654439	nan	0.0	nan	nan	nan	nan	nan	nan	0.0	nan	0.06229860356426681	0
chr1	142781001	142967000	0.0	0.0	261001.0	0.9465673162654439	nan	241454.0	nan	nan	nan	nan	nan	nan	0.0	nan	0.0899669094277539	0
chr1	143118001	143292000	0.0	0.0	268000.0	0.872924892794973	nan	578454.0	nan	nan	nan	nan	nan	nan	0.0	nan	0.07908556976638328	0
chr1	143343001	143544000	0.0	0.0	16000.0	0.872924892794973	nan	803454.0	nan	nan	nan	nan	nan	nan	0.0	nan	0.049700598379429806	0
chr1	143725001	143771000	1.0	0.0	85001.0	0.7865664671167155	0.0	221805.0	1736598.0	0.0	0.1474893994691993	0.0	764279.0	nan	1.0	0.0	0.06946466070834088	0
chr1	143871001	144095000	1.0	2.0	231001.0	0.7865664671167155	0.0	0.0	1412598.0	1.844	0.30331556848352914	0.142291743	440279.0	-1.7963845367456037	1.0	0.0	0.2666190950002869	0
chr1	144526001	144622000	0.0	2.0	886001.0	0.7865664671167155	189744.0	0.0	885598.0	1.967	0.017287678200669853	0.001397166	0.0	nan	0.0	0.0	0.10435185493434161	0
chr1	144673001	144710000	0.0	0.0	890000.0	0.16881076720587612	101744.0	136631.0	797598.0	1.967	0.017287678200669853	0.001397166	137506.0	nan	0.0	0.0	0.009780524136278614	0
chr1	144811001	144896000	2.0	1.0	704000.0	0.16881076720587612	0.0	0.0	611598.0	0.824	0.010957909905248218	0.07469644	0.0	-2.498131927200829	1.0	0.0	0.5320761005992215	1
chr1	144907001	145093000	1.0	29.0	507000.0	0.16881076720587612	0.0	0.0	414598.0	0.824	0.2772049376180014	0.07469644	0.0	-2.51668942294115	0.41935483870967744	1.519756838905775	0.3889699788687403	0
chr1	145097001	145383000	2.0	5.0	217000.0	0.16881076720587612	0.0	0.0	124598.0	0.658	0.8522645311686238	0.415307735	4182.0	-0.33986346653251287	1.0	0.0	0.4170384057656568	0
chr1	147999001	148026000	1.0	1.0	119001.0	0.7159385216320638	0.0	0.0	nan	1.939	0.01833295284625226	0.000854747	nan	-7.063849926744714	1.0	0.0	0.06178950126241148	0
chr1	148176001	148277000	1.0	0.0	296001.0	0.7159385216320638	0.0	175199.0	nan	1.971	0.01833295284625226	0.005005873	nan	-5.292125011497373	0.2882882882882883	0.0	0.018985836385836383	0
chr1	148512001	148684000	1.0	1.0	516000.0	0.6683649641234662	0.0	0.0	nan	1.931	0.06489865240496649	0.001590206	nan	-6.4423002396741085	1.0	0.0	0.05873326901856314	0
chr1	148787001	148954000	0.0	0.0	246000.0	0.6683649641234662	190734.0	75458.0	nan	1.931	0.004333333442142854	0.001590206	nan	nan	0.0	0.0	0.038066321986413146	0
chr1	149005001	149035000	0.0	1.0	165000.0	0.6683649641234662	408734.0	0.0	nan	1.931	0.004333333442142854	0.001590206	nan	nan	0.0	0.0	0.12640850940026171	0
chr1	149223001	149226000	0.0	1.0	23001.0	0.6683649641234662	174131.0	0.0	nan	1.921	0.11302622913504734	0.02600245	18404.0	nan	0.0	0.0	0.1632355132095902	0
chr1	149232001	149340000	0.0	0.0	32001.0	0.6683649641234662	60131.0	8874.0	nan	1.921	0.11302622913504734	0.02600245	27404.0	nan	0.0	0.0	0.07372988203689444	0
chr1	149644001	149753000	0.0	0.0	7000.0	0.9226213221245702	1227.0	420874.0	nan	1.083	0.11302622913504734	0.005865382	0.0	nan	0.0	0.0	0.12937583666124872	0
chr1	161411001	161442000	0.0	0.0	0.0	0.9610240733664501	33220.0	27487.0	202909.0	1.346	0.051321794810469466	0.010324745	661.0	nan	0.0	0.0	0.08939399710981348	0
chr1	206282001	206289000	1.0	0.0	71000.0	0.9802997495011251	0.0	1243.0	nan	1.609	0.04842425968901221	0.003802837	21510.0	-5.568197825685141	0.0	0.0	0.1697358768770534	0
chr1	206483001	206584000	1.0	1.0	56000.0	0.7545960174924639	0.0	0.0	nan	0.312	0.09106232953248063	0.706615427	51258.0	0.8790022831757157	0.3181818181818182	0.0	0.6688562785370288	1
chr1	228744001	228783000	0.0	1.0	0.0	0.9917844860527322	60534.0	0.0	130975.0	1.295	0.029428748091391125	0.013308467	2936.0	nan	0.0	0.0	0.13422149041230208	0
chr1	234912001	234920000	0.0	2.0	312001.0	0.8876788519509192	166730.0	0.0	nan	0.451	0.26933161417643225	0.086159724	0.0	nan	0.0	0.0	0.20689788049071575	0
chr1	236259001	236261000	0.0	0.0	19001.0	0.9838661741604042	44832.0	5450.0	nan	1.319	0.0005487916363438025	0.113777698	6028.0	nan	0.0	0.0	0.08385410278003162	0
chr10	37457001	37478000	1.0	0.0	297001.0	0.6683649641234662	0.0	85016.0	nan	1.263	0.011936021542457289	0.001436042	278804.0	-6.5444274867764145	0.2727272727272727	0.0	0.03470012765012765	0
chr10	38561001	38570000	0.0	0.0	590000.0	0.8364751836284126	146529.0	70781.0	nan	1.201	0.05624951712675436	0.004820848	295276.0	nan	0.0	0.0	0.02884063485459366	0
chr10	38815001	38818000	0.0	0.0	342000.0	0.8364751836284126	400529.0	319684.0	nan	1.201	nan	0.004820848	549276.0	nan	0.0	0.0	0.027066753948265954	0
chr10	42355001	42390000	0.0	2.0	35001.0	0.7159385216320638	nan	0.0	nan	nan	nan	nan	nan	nan	0.0	nan	0.0826916041197206	0
chr10	42529001	42546000	0.0	0.0	54000.0	0.8138241412983485	nan	128604.0	nan	nan	nan	nan	nan	nan	0.0	nan	0.061254247254867514	0
chr10	46947001	47152000	3.0	13.0	507001.0	0.7159385216320638	0.0	0.0	nan	1.489	0.13642371872630282	0.03714507	0.0	-2.7971158251221007	1.0	0.9408602150537634	0.11149787624775764	0
chr10	135478001	135502000	0.0	0.0	18000.0	0.99987262769074	37702.0	135134.0	878445.0	1.609	0.0013221718809183906	0.002165263	144084.0	nan	0.0	0.0	0.025535296453190148	0
chr10	135515001	135524800	0.0	0.0	0.0	0.99987262769074	74702.0	172134.0	915445.0	1.609	0.0013221718809183906	0.002165263	181084.0	nan	0.0	0.0	0.026656524259200558	0
chr11	132001	196000	2.0	0.0	92001.0	0.9316647560820278	0.0	72826.0	102200.0	1.55	0.011296274552911845	0.043373074	0.0	-2.8159188215863864	0.5	0.0	0.3265325126670718	0
chr11	3675001	3676000	1.0	0.0	444000.0	0.9541247399482019	0.0	38841.0	142954.0	1.732	0.17630030756342407	0.034283221	27127.0	-3.3382145509740395	0.0	0.0	0.24289542149027454	0
chr11	16587001	16588000	1.0	0.0	212000.0	0.9007132849318558	0.0	11977.0	nan	0.215	0.0082924912120998	0.997679064	39906.0	6.063461092844752	0.0	0.0	0.6951670567510366	1
chr11	18942001	18964000	1.0	0.0	142001.0	0.872924892794973	0.0	83443.0	nan	0.0	0.03331490331420712	0.0	66827.0	nan	1.0	0.0	0.08521678855297649	0
chr11	51581001	51594000	0.0	0.0	21001.0	0.6079268033796119	nan	nan	nan	nan	nan	nan	nan	nan	0.0	nan	0.05870204411916588	0
chr11	89476001	89551000	1.0	0.0	329000.0	0.8138241412983485	0.0	246636.0	447074.0	1.817	0.16754831468245862	0.000630372	243705.0	-7.368569865882652	1.0	0.0	0.010764441114441112	0
chr11	93966001	93974000	0.0	0.0	266000.0	0.9669468857470386	50863.0	69254.0	418140.0	1.117	0.03364999988116324	0.028830655	48836.0	nan	0.0	0.0	0.08040407372181667	0
chr11	114432001	114434000	0.0	0.0	46000.0	0.7865664671167155	1384.0	54021.0	310603.0	1.851	0.08684615346674736	0.003638597	8497.0	nan	0.0	0.0	0.0692656612214157	0
chr12	146001	186000	1.0	0.0	106001.0	0.9893007260221628	0.0	103742.0	203295.0	0.469	0.0006410095971435136	0.07327111	29332.0	-2.537494665739926	0.06666666666666667	0.0	0.39659538579755316	0
chr12	38113001	38119000	0.0	0.0	273001.0	0.9917844860527322	nan	374611.0	nan	nan	0.025162293073098942	nan	413574.0	nan	0.0	nan	0.06406780230680469	0
chr12	66451001	66452000	0.0	0.0	68000.0	0.9393495520740458	64842.0	3850.0	nan	1.045	0.9085550087233489	0.050109415	29241.0	nan	0.0	0.0	0.16175808488381255	0
chr12	70510001	70520000	0.0	0.0	510001.0	0.6079268033796119	116774.0	21723.0	nan	0.189	0.017000000167172402	0.864864784	130367.0	nan	0.0	0.0	0.42701399999616235	0
chr12	95965001	95966000	0.0	0.0	5001.0	0.9007132849318558	85583.0	61120.0	nan	0.344	0.002120681660968104	0.309886409	2706.0	nan	0.0	0.0	0.18221350561128816	0
chr13	19020001	19107000	0.0	0.0	20001.0	0.9541247399482019	640910.0	403414.0	nan	0.865	0.0001250000059371814	0.005354336	1069020.0	nan	0.0	0.0	0.030306414055899178	0
chr13	21816001	21818000	0.0	0.0	222000.0	0.7545960174924639	65260.0	66856.0	1048964.0	1.141	0.18667420977681676	0.032452417	0.0	nan	0.0	0.0	0.10415929392793036	0
chr13	57713001	57746000	0.0	0.0	414000.0	0.9715959750350274	nan	72983.0	nan	nan	0.015658568291951093	nan	9666.0	nan	0.0	nan	0.2513666417589773	0
chr14	19000001	19126000	0.0	0.0	1.0	0.9316647560820278	251522.0	310798.0	nan	0.0	0.008219109787026209	0.0	1589896.0	nan	0.0	0.564652738565782	0.0291011087449067	0
chr14	19382001	19779000	1.0	1.0	382001.0	0.9316647560820278	0.0	0.0	nan	1.679	0.008219109787026209	0.000931015	936896.0	-6.97830372044547	0.0	0.0	0.15292702700443578	0
chr14	19793001	20178000	1.0	0.0	582000.0	0.7159385216320638	0.0	338120.0	nan	1.492	0.002153214895983116	0.001625013	537896.0	-6.420613128466721	0.0	0.5313496280552604	0.039171291894727435	0
chr14	95148001	95155000	0.0	0.0	668001.0	0.6683649641234662	57609.0	79469.0	nan	1.902	0.001021008478759342	0.000743978	0.0	nan	0.0	0.0	0.0873201013036759	0
chr14	106717001	106727000	0.0	0.0	593000.0	0.9994905107629601	325176.0	130348.0	nan	1.617	0.09769431719776817	0.001794888	38125.0	nan	0.0	0.0	0.025434684701723016	0
chr14	106798001	106823000	0.0	0.0	497000.0	0.9994905107629601	406176.0	34348.0	nan	1.617	0.09769431719776817	0.001794888	6393.0	nan	0.0	0.0	0.03246622666044863	0
chr15	20392001	20582000	0.0	3.0	392001.0	0.9541247399482019	155094.0	0.0	nan	1.657	0.6654448377016999	0.001311756	0.0	nan	0.0	0.0	0.07630890079016282	0
chr15	20590001	20628000	0.0	5.0	590001.0	0.9541247399482019	109094.0	0.0	nan	1.657	0.3409963374416356	0.001311756	28064.0	nan	0.0	0.5361930294906166	0.07570053017547788	0
chr15	20847001	20878000	0.0	1.0	847001.0	0.9541247399482019	99887.0	0.0	nan	1.657	0.09523870326928982	0.001311756	285064.0	nan	0.0	0.0	0.0744354497043573	0
chr15	21885001	21942000	0.0	4.0	658000.0	0.9957117989215811	109853.0	0.0	nan	1.807	0.33086348525719045	0.001705597	0.0	nan	0.0	0.0	0.07749960583877975	0
chr15	22647001	22700000	0.0	0.0	7001.0	0.9124952235384027	36246.0	197960.0	nan	1.63	0.13852519770542465	0.00137841	136819.0	nan	0.0	0.0	0.00893478079287107	0
chr15	28548001	28835000	3.0	0.0	85000.0	0.8364751836284126	0.0	53019.0	nan	0.201	0.0060657417172133325	0.10570597	110728.0	-2.1127313269978893	1.0	0.0	0.30695119244647123	0
chr15	77909001	77912000	1.0	0.0	288000.0	0.9917844860527322	0.0	11178.0	nan	0.196	0.01772096572146981	0.530394457	0.0	0.12172791610681075	0.0	0.0	0.6935150333117995	1
chr15	84852001	84900000	0.0	0.0	60000.0	0.7865664671167155	4525.0	163886.0	nan	1.866	0.008615513711699949	0.001451135	40167.0	nan	0.0	0.0	0.026988899408990585	0
chr15	102435001	102521400	1.0	0.0	0.0	0.9984927610070904	0.0	221151.0	642864.0	1.872	0.008027799330249512	0.001679989	120741.0	-6.3872866314434305	1.0	0.0	0.03749649957885251	0
chr16	897001	898000	0.0	0.0	857001.0	0.9917844860527322	5634.0	4854.0	120047.0	1.269	0.0020022362020554003	0.017657655	30612.0	nan	0.0	0.6510416666666666	0.1974618643489626	0
chr16	14989001	15124000	3.0	2.0	149001.0	0.7159385216320638	0.0	0.0	613124.0	0.846	0.238716287899337	0.09983334	11608.0	-2.0191048530461186	1.0	4.132231404958678	0.4726865776534786	0
chr16	16725001	16734000	0.0	0.0	165001.0	0.8364751836284126	461626.0	300115.0	461626.0	0.336	0.5822017001702767	0.200587283	37448.0	nan	0.0	0.0	0.10589337914332873	0
chr16	21517001	21595000	0.0	1.0	77001.0	0.6079268033796119	13539.0	0.0	nan	0.445	0.07042410816931685	0.682813262	0.0	nan	0.0	0.0	0.3553776599771158	0
chr16	22459001	22711000	1.0	5.0	0.0	0.6079268033796119	0.0	0.0	nan	0.0	0.34508946063179596	0.0	0.0	nan	1.0	0.0	0.2623000428002177	0
chr16	30244001	30314000	0.0	0.0	646000.0	0.9393495520740458	28370.0	69396.0	162223.0	1.789	0.4092552909139094	0.009598007	45094.0	nan	0.0	0.0	0.10665778709650528	0
chr16	31968001	32935000	1.0	0.0	1008001.0	0.9393495520740458	0.0	12399.0	946052.0	1.826	nan	0.001564482	0.0	-6.458634793114878	1.0	0.0	0.10808733929469225	0
chr16	33332001	33429000	0.0	0.0	611000.0	0.9316647560820278	1064761.0	80690.0	2310052.0	1.826	0.03453622169565401	0.001564482	190160.0	nan	0.0	0.0	0.025630330539026188	0
chr16	33865001	33870000	0.0	0.0	170000.0	0.9316647560820278	1597761.0	78799.0	2843052.0	1.826	0.03637587841142688	0.001564482	100701.0	nan	0.0	0.0	0.035050166258861905	0
chr16	33887001	33888000	0.0	0.0	152000.0	0.9316647560820278	1619761.0	60799.0	2865052.0	1.826	0.03637587841142688	0.001564482	122701.0	nan	0.0	0.0	0.02738321099190663	0
chr16	35247001	35251000	0.0	0.0	1087001.0	0.9007132849318558	nan	216959.0	nan	nan	0.29426069735864246	nan	580279.0	nan	0.0	nan	0.04063619648744342	0
chr16	46386001	46436000	0.0	5.0	4000.0	0.9715959750350274	nan	0.0	nan	nan	nan	nan	11719279.0	nan	0.0	nan	0.10403269298145607	0
chr16	55822001	55866000	1.0	1.0	342001.0	0.8138241412983485	0.0	0.0	359302.0	1.456	0.009704644925108495	0.015845795	10797.0	-4.128878431731959	0.9375	0.0	0.4363550203075828	0
chr16	69408001	69409000	1.0	0.0	8001.0	0.9316647560820278	0.0	23325.0	877198.0	0.269	0.07860235759915384	0.635354794	21022.0	0.555258731078793	0.0	0.0	0.6836532064933626	1
chr16	90183001	90294800	0.0	0.0	25200.0	0.9868594234280135	24521.0	38936.0	71618.0	1.416	0.08602615623426016	0.002930821	34354.0	nan	0.0	0.0	0.10401412233202856	0
chr17	16657001	16749000	1.0	0.0	337001.0	0.5276397911094128	0.0	47690.0	83849.0	0.785	0.06299692265423898	0.002171352	27588.0	-6.130231551162097	0.2916666666666667	0.0	0.2292621734474676	0
chr17	21193001	21196000	1.0	0.0	4000.0	0.7545960174924639	0.0	2896.0	nan	0.663	0.2786422104142437	0.4379498	0.0	-0.24948687781211326	0.0625	0.0	0.527787136727043	1
chr17	21246001	21253000	0.0	0.0	46001.0	0.7545960174924639	26509.0	19298.0	nan	1.053	0.028574391666718147	0.437556296	25070.0	nan	0.0	0.0	0.2549000538186257	0
chr17	21303001	21344000	1.0	1.0	103001.0	0.7545960174924639	0.0	0.0	nan	1.053	0.1980575341789623	0.437556296	11695.0	-0.2510856732013043	0.75	0.0	0.6961221895794265	1
chr17	21526001	21530000	0.0	0.0	326001.0	0.7545960174924639	48279.0	9802.0	nan	1.196	0.04477071083674977	0.001022302	109543.0	nan	0.0	0.0	0.03117653017617303	0
chr17	21553001	21557000	0.0	0.0	353001.0	0.7545960174924639	75279.0	36802.0	nan	1.196	0.04477071083674977	0.001022302	136543.0	nan	0.0	0.0	0.02140094603464169	0
chr17	21902001	21907000	0.0	0.0	702001.0	0.7545960174924639	115437.0	1682.0	nan	0.0	0.005747208123498235	0.0	287051.0	nan	0.0	0.0	0.14671908139812914	0
chr17	22020001	22021000	0.0	0.0	820001.0	0.7545960174924639	1437.0	48559.0	nan	0.0	0.10062874534712303	0.0	173051.0	nan	0.0	0.0	0.05282450433908233	0
chr17	22244001	22263000	0.0	0.0	1044001.0	0.7545960174924639	220010.0	51887.0	nan	0.0	0.022254902731143885	0.0	49734.0	nan	0.0	0.0	0.052111389363691134	0
chr17	25263001	25268000	0.0	0.0	692000.0	0.8138241412983485	353102.0	108172.0	nan	0.462	0.07818489547461904	0.660780633	295816.0	nan	0.0	0.0	0.18725859442879098	0
chr17	34493001	34675000	8.0	1.0	0.0	0.6079268033796119	0.0	0.0	nan	1.457	0.2964515430661437	0.005937974	16448.0	-3.632282664319583	1.0	0.0	0.194128876394126	0
chr17	34726001	34808000	2.0	0.0	6001.0	0.7159385216320638	0.0	30937.0	82847.0	0.0	0.10794472874204838	0.001313765	11823.0	-6.63354358939502	1.0	0.0	0.17054250321573863	0
chr17	36250001	36407000	2.0	0.0	153000.0	0.6683649641234662	0.0	5216.0	144764.0	1.26	0.6382214641901036	0.001324582	45376.0	-5.935211946580852	1.0	1.4306151645207437	0.13610354975262096	0
chr17	41379001	41384000	0.0	0.0	16000.0	0.9610240733664501	6940.0	54476.0	101501.0	1.481	0.3923957844420887	0.022129607	3212.0	nan	0.0	0.0	0.18132920434324068	0
chr17	41400001	41402000	0.0	0.0	1.0	0.9610240733664501	74327.0	7196.0	315756.0	1.197	0.07606579613147935	0.043077576	0.0	nan	0.0	0.0	0.07293856078218305	0
chr17	43590001	43663000	0.0	1.0	310001.0	0.8557720884812975	21886.0	0.0	444282.0	0.467	0.20605917229647513	0.084387205	10940.0	nan	0.0	0.0	0.17656481913148356	0
chr17	64794001	64796000	1.0	1.0	444000.0	0.4096081178618435	0.0	0.0	nan	0.395	0.0020032366917547644	0.893842252	41531.0	2.130603131166531	0.0	0.0	0.6159063144285296	1
chr17	67442001	70565000	4.0	101.0	0.0	0.9465673162654439	0.0	0.0	0.0	0.168	0.9816666692495346	0.998097827	0.0	8.259179720868982	1.0	5.952380952380952	0.7986022274357593	1
chr17	67958880	70085143	2.0	72.0	0.0	0.9465673162654439	0.0	0.0	32018.0	0.615	0.8601788860196156	0.470888848	0.0	0.06453534613952486	1.0	0.5973715651135006	0.5864628994778001	1
chr18	10001	15000	0.0	1.0	10001.0	0.99987262769074	143383.0	0.0	nan	0.348	0.13175333365945427	0.853314442	0.0	nan	0.0	0.0	0.3537702550665571	0
chr18	107001	111000	0.0	0.0	107001.0	0.99987262769074	47383.0	59.0	nan	0.348	nan	0.853314442	47498.0	nan	0.0	0.0	0.31639277892576245	0
chr18	18511001	18512000	0.0	1.0	8000.0	0.16881076720587612	nan	0.0	nan	nan	nan	nan	nan	nan	0.0	nan	0.1384633383664927	0
chr18	44542001	44558000	4.0	0.0	2000.0	0.8138241412983485	0.0	54611.0	nan	0.0	0.15652158038945524	0.157340058	11659.0	-1.678154048815801	0.0	0.0	0.3991058013211417	0
chr18	60730001	60731000	0.0	0.0	50001.0	0.7159385216320638	59579.0	36363.0	nan	0.712	0.22243742456817936	0.938364507	11416.0	nan	0.0	0.0	0.22909144362968903	0
chr19	8852001	8897000	0.0	0.0	132001.0	0.8138241412983485	9630.0	92058.0	2174598.0	1.931	0.013496624500431152	0.006405911	43239.0	nan	0.0	0.0	0.05365005281227952	0
chr19	24513001	24598000	0.0	0.0	42000.0	0.9669468857470386	200347.0	295680.0	nan	1.759	0.06331309157551503	0.001080472	170163.0	nan	0.0	0.0	0.005181804065499718	0
chr19	27869001	27871000	0.0	0.0	149001.0	0.9838661741604042	nan	128806.0	nan	nan	nan	nan	394320.0	nan	0.0	nan	0.055582136579987264	0
chr19	27889001	27890000	0.0	0.0	169001.0	0.9838661741604042	nan	148806.0	nan	nan	nan	nan	375320.0	nan	0.0	nan	0.04293098757825687	0
chr19	36760001	36801000	0.0	0.0	160001.0	0.8876788519509192	22842.0	2356.0	nan	0.818	0.01062370741112347	0.01802398	23700.0	nan	0.0	0.0	0.12820973740496083	0
chr19	37761001	37792000	0.0	0.0	1001.0	0.5276397911094128	nan	3242.0	nan	nan	0.007880090294305616	nan	nan	nan	0.0	nan	0.1785337189089122	0
chr19	48412001	48461000	0.0	0.0	0.0	0.9541247399482019	10303.0	16222.0	65414.0	1.075	0.10548364087434106	0.00069923	5529.0	nan	0.0	0.0	0.13019834754676138	0
chr19	50595001	50643000	0.0	1.0	195001.0	0.8557720884812975	12805.0	0.0	161981.0	1.156	nan	0.001445187	3306.0	nan	0.0	0.0	0.15918042699382925	0
chr19	54728001	54737000	3.0	0.0	88001.0	0.6683649641234662	0.0	12907.0	30416.0	0.434	0.001269198177173176	0.191676848	0.0	-1.4312609533211416	0.125	0.0	0.5536209860486951	1
chr2	33091001	33092000	0.0	0.0	331001.0	0.9465673162654439	44883.0	19186.0	nan	0.784	0.187995483968165	0.207150934	9258.0	nan	0.0	0.0	0.1676118556785138	0
chr2	50626001	50627000	1.0	0.0	93000.0	0.9940771876194116	0.0	4357.0	0.0	0.254	0.006951250039137803	0.995179441	2574.0	5.330033167170717	0.0	0.0	0.8490290099978565	1
chr2	87567001	87611000	0.0	0.0	149000.0	0.5276397911094128	nan	nan	nan	nan	nan	nan	nan	nan	0.0	nan	0.07178611886794652	0
chr2	89831001	89891000	0.0	2.0	389000.0	0.8138241412983485	nan	0.0	nan	nan	nan	nan	217269.0	nan	0.0	nan	0.12108621572282395	0
chr2	90372001	90491000	0.0	1.0	12001.0	0.4096081178618435	5046178.0	0.0	nan	1.555	0.03906873018010851	0.003341309	1268837.0	nan	0.0	0.0	0.12086274490546874	0
chr2	91595001	91695000	0.0	0.0	1235001.0	0.4096081178618435	3842178.0	64872.0	nan	1.555	0.059107934421805904	0.003341309	64837.0	nan	0.0	0.0	0.06945999990347815	0
chr2	91709001	91925000	0.0	8.0	1349001.0	0.4096081178618435	3612178.0	0.0	nan	1.555	0.17170175354470285	0.003341309	0.0	nan	0.0	0.0	0.11748033689263716	0
chr2	92291001	92326000	0.0	5.0	1931001.0	0.4096081178618435	3211178.0	0.0	nan	1.555	nan	0.003341309	472065.0	nan	0.0	0.0	0.11552249650799196	0
chr2	243153001	243161000	0.0	0.0	0.0	0.9968793784231308	351941.0	124534.0	444770.0	0.662	0.015049625838378492	0.00329735	259821.0	nan	0.0	0.0	0.04042126641474466	0
chr20	29623001	29654000	1.0	5.0	223001.0	0.9940771876194116	0.0	0.0	1292155.0	1.263	0.18713437940043312	0.009509512	194243.0	-4.645907702027016	0.0	0.7917656373713381	0.22222788138074506	0
chr20	32815001	32817000	1.0	0.0	63000.0	0.9541247399482019	0.0	9582.0	nan	1.576	0.16918701509284892	0.057833948	10975.0	-2.7906055961456664	0.0	0.0	0.3611019306544851	0
chr20	51780001	51781000	1.0	0.0	379000.0	0.9715959750350274	0.0	877.0	nan	0.307	0.6488000727703425	0.7161444	886.0	0.9254161644523439	0.0	0.0	0.7251101332897627	1
chr20	59568001	59590000	0.0	1.0	1448001.0	0.9893007260221628	237482.0	0.0	1857596.0	0.364	0.0005333333509042859	0.197684425	29645.0	nan	0.0	0.0	0.32379957727139763	0
chr21	9571001	9595000	0.0	0.0	171001.0	0.9917844860527322	1311201.0	286917.0	nan	1.449	0.026676468989428354	0.001635216	nan	nan	0.0	0.0	0.025281207972502575	0
chr21	9646001	9734000	0.0	0.0	246001.0	0.9917844860527322	1172201.0	147917.0	nan	1.449	0.026676468989428354	0.001635216	nan	nan	0.0	0.0	0.024884426975721578	0
chr21	9826001	9886000	0.0	1.0	426001.0	0.9917844860527322	1020201.0	0.0	nan	1.449	0.026676468989428354	0.001635216	nan	nan	0.0	0.0	0.055546024832678155	0
chr21	10085001	10216000	0.0	0.0	685001.0	0.9917844860527322	690201.0	202914.0	nan	1.449	0.026676468989428354	0.001635216	nan	nan	0.0	0.0	0.02747611274093675	0
chr21	10366001	10648000	0.0	0.0	512000.0	0.7159385216320638	258201.0	53810.0	nan	1.449	nan	0.001635216	nan	nan	0.0	0.0	0.018438379856858114	0
chr21	10698001	11188000	1.0	18.0	0.0	0.7159385216320638	0.0	0.0	nan	1.449	nan	0.001635216	nan	-6.4143438188419575	1.0	0.0	0.07735913886228289	0
chr21	14339001	14448000	0.0	0.0	19001.0	0.9893007260221628	534498.0	440211.0	nan	1.798	0.047368526226494886	0.001112337	904639.0	nan	0.0	0.0	0.0015217391304347828	0
chr21	48119001	48120000	0.0	0.0	0.0	0.9994905107629601	33965.0	72289.0	253319.0	0.653	0.020453624716780253	0.03525369	37593.0	nan	0.0	0.0	0.08979132950737813	0
chr22	16050001	16064000	0.0	0.0	10001.0	0.9124952235384027	192441.0	1027097.0	2010902.0	1.673	0.37644365870979474	0.00123995	1191648.0	nan	0.0	0.0	0.018692561786040045	0
chr22	16114001	16457000	2.0	0.0	74001.0	0.9124952235384027	0.0	634097.0	1617902.0	1.673	0.37644365870979474	0.00343668	798648.0	-5.361405803726859	1.0	0.0	0.012973251748251749	0
chr22	16552001	16661000	0.0	0.0	512001.0	0.9124952235384027	102196.0	430097.0	1413902.0	1.955	0.37644365870979474	0.00343668	594648.0	nan	0.0	0.0	0.014498511391989653	0
chr22	18619001	18625000	1.0	0.0	175000.0	0.16881076720587612	0.0	4925.0	0.0	1.095	0.024321028472184675	0.152389843	13989.0	-1.71597881551925	0.0	0.0	0.5260999208539994	1
chr22	23243001	23249000	0.0	0.0	711000.0	0.16881076720587612	4714.0	15159.0	nan	1.968	0.0021156461845312706	0.001101198	16661.0	nan	0.0	0.0	0.10050719276264057	0
chr22	25663001	25920000	1.0	3.0	240000.0	0.7865664671167155	0.0	0.0	35165.0	1.844	0.19439305265374063	0.008044294	0.0	-4.8147154348551915	1.0	1.3888888888888888	0.5579305192172928	1
chr3	75718001	75719000	0.0	0.0	38001.0	0.8138241412983485	39794.0	46975.0	nan	1.913	0.20428977169171728	0.000754901	2631.0	nan	0.0	0.0	0.045004750563446196	0
chr3	173239001	173291000	1.0	0.0	799001.0	0.9393495520740458	0.0	26849.0	nan	0.372	0.01509090921502899	0.983139098	0.0	4.0657531631474635	0.0	0.38402457757296465	0.7722891314147555	1
chr3	195344001	195477000	2.0	1.0	0.0	0.9893007260221628	0.0	0.0	nan	0.993	0.041790854001840204	0.005441696	0.0	-5.032878707527016	1.0	0.5035246727089627	0.2807793722187687	0
chr3	195693001	195723000	0.0	0.0	0.0	0.9838661741604042	31054.0	58697.0	31054.0	0.581	0.15430705588276739	0.701274957	29995.0	nan	0.0	0.0	0.25788783449798514	0
chr4	10001	69000	1.0	7.0	10001.0	0.9990871651169703	0.0	0.0	423989.0	1.159	0.6547173069578353	0.001458469	0.0	-6.528908489994954	0.3333333333333333	0.8628127696289905	0.3559628534457959	0
chr4	1421001	1423000	0.0	0.0	701001.0	0.6683649641234662	20882.0	80751.0	39164.0	0.724	0.1951467636116775	0.010867956	14922.0	nan	0.0	0.0	0.16251476358963585	0
chr4	3572001	3577000	0.0	0.0	383000.0	0.9838661741604042	1596.0	48478.0	37715.0	1.529	0.025342693299376516	0.001348255	0.0	nan	0.0	0.0	0.1463849554281663	0
chr4	9215001	9274000	4.0	0.0	206000.0	0.7545960174924639	0.0	59932.0	341458.0	0.0	0.07663530469360859	0.0	212509.0	nan	1.0	0.0	0.06495248502998871	0
chr4	9325001	9371000	1.0	0.0	109000.0	0.7545960174924639	0.0	169932.0	451458.0	0.0	0.07663530469360859	0.0	322509.0	nan	1.0	0.0	0.04417496347746716	0
chr4	19079001	19080000	0.0	0.0	479001.0	0.9465673162654439	1174883.0	25287.0	nan	0.16	0.028529411777580047	0.660000653	78633.0	nan	0.0	0.0	0.3647228303957823	0
chr4	49093001	49339000	0.0	0.0	341000.0	0.7865664671167155	28903.0	241271.0	nan	1.237	0.0952508879030497	0.031780385	58262.0	nan	0.0	0.0	0.036482641506289055	0
chr4	49512001	49549000	0.0	0.0	131000.0	0.7865664671167155	447903.0	660271.0	nan	1.237	0.0952508879030497	0.031780385	477262.0	nan	0.0	0.0	0.01486527019809799	0
chr4	52661001	52681000	0.0	0.0	21001.0	0.872924892794973	28166.0	44801.0	nan	0.592	0.3153585036266215	0.580507296	16395.0	nan	0.0	0.0	0.2355013390087526	0
chr4	60325001	60331000	0.0	0.0	1229000.0	0.5276397911094128	2348450.0	892497.0	2348450.0	1.118	0.4747017490162569	0.178308209	84549.0	nan	0.0	0.0	0.11628199743937737	0
chr4	68264001	68267000	0.0	2.0	13000.0	0.9760540058591263	1727788.0	0.0	nan	0.521	nan	0.80352652	65379.0	nan	0.0	0.0	0.2833519015414638	0
chr4	167501001	167502000	0.0	0.0	18000.0	0.4096081178618435	nan	144760.0	nan	nan	0.1262499988079071	nan	13565.0	nan	0.0	nan	0.11655774731598255	0
chr4	167524001	167525000	0.0	0.0	4001.0	0.4096081178618435	129535.0	186328.0	nan	0.569	0.0013885000808344507	0.107600954	nan	nan	0.0	0.0	0.08427632278207721	0
chr4	190613001	190616000	0.0	0.0	504000.0	0.9868594234280135	245943.0	5961.0	nan	1.308	0.4502066157358077	0.098149242	37222.0	nan	0.0	0.0	0.11859891862007972	0
chr4	190656001	190663000	0.0	0.0	457000.0	0.9868594234280135	198943.0	15550.0	nan	1.308	0.01813953131359489	0.098149242	2563.0	nan	0.0	0.0	0.07457535866781993	0
chr4	190680001	190686000	0.0	0.0	434000.0	0.9868594234280135	175943.0	1068.0	nan	1.308	0.01813953131359489	0.098149242	26563.0	nan	0.0	0.0	0.10853053544036526	0
chr4	190988001	191044400	1.0	0.0	75600.0	0.9868594234280135	0.0	45410.0	nan	0.0	0.06639226086656837	0.0	92491.0	nan	1.0	0.0	0.12308395251045001	0
chr5	10001	12000	0.0	0.0	10001.0	0.9994905107629601	128373.0	41990.0	206356.0	1.224	0.05874392144915545	0.00235175	1171.0	nan	0.0	0.0	0.07504030364125931	0
chr5	17517001	17530000	0.0	0.0	317001.0	0.9838661741604042	240058.0	90271.0	nan	0.774	0.005254161614432649	0.077793054	72831.0	nan	0.0	0.0	0.13496491382639586	0
chr5	17581001	17600000	0.0	0.0	381001.0	0.9838661741604042	304058.0	154271.0	nan	0.774	0.005254161614432649	0.077793054	20855.0	nan	0.0	0.0	0.1236468176946571	0
chr5	21478001	21497000	0.0	0.0	0.0	0.7865664671167155	253782.0	42943.0	nan	0.584	0.004061274286405201	0.569953447	18397.0	nan	0.0	0.0	0.21451162853696318	0
chr5	21543001	21545000	0.0	0.0	63001.0	0.7865664671167155	205782.0	2794.0	nan	0.584	0.004061274286405201	0.569953447	nan	nan	0.0	0.0	0.3016115104313658	0
chr5	32106001	32168000	2.0	1.0	0.0	0.8138241412983485	0.0	0.0	nan	0.277	0.08539062959042568	0.753906581	12398.0	1.152990165842474	0.75	0.0	0.6969420688699539	1
chr5	34178001	34197000	0.0	0.0	3000.0	0.6079268033796119	nan	nan	nan	nan	nan	nan	nan	nan	0.0	nan	0.0689956458419032	0
chr5	49406001	49442000	0.0	0.0	6001.0	0.8364751836284126	250026.0	179040.0	2949509.0	1.486	0.06439528520951653	0.012399258	179173.0	nan	0.0	0.0	0.05072107867977436	0
chr5	69184001	69212000	0.0	0.0	264001.0	0.6079268033796119	109074.0	nan	nan	1.88	nan	0.010221364	nan	nan	0.0	0.0	0.028742355470616324	0
chr5	69787001	69829000	0.0	0.0	27001.0	0.16881076720587612	391768.0	nan	nan	1.929	nan	0.081625312	480481.0	nan	0.0	0.0	0.023790894395982556	0
chr5	70061001	70123000	0.0	0.0	277000.0	0.16881076720587612	97768.0	nan	nan	1.929	nan	0.081625312	186481.0	nan	0.0	0.0	0.021046102689580945	0
chr5	70499001	70533000	0.0	0.0	99001.0	0.16881076720587612	218442.0	239003.0	350115.0	0.596	0.9219983682859411	0.020559057	218980.0	nan	0.0	0.0	0.06080354928794158	0
chr5	87408001	87409000	0.0	0.0	591000.0	0.9984927610070904	76450.0	121742.0	nan	0.721	0.10398717151903637	0.661161039	28354.0	nan	0.0	0.0	0.16710740909881297	0
chr5	91481001	91482000	0.0	0.0	718000.0	0.4096081178618435	nan	89858.0	nan	nan	nan	nan	36359.0	nan	0.0	nan	0.1108854662137652	0
chr5	135092001	135095000	0.0	0.0	25000.0	0.4096081178618435	177032.0	2584.0	721498.0	1.2	0.16533970066479275	0.498832916	5510.0	nan	0.0	0.0	0.2698070261445453	0
chr5	140554001	140560000	2.0	0.0	114001.0	0.5276397911094128	0.0	88312.0	nan	1.202	0.17275997962074718	0.013168602	1749.0	-3.874542368421305	1.0	0.0	0.12389662613186607	0
chr5	175345001	175411000	2.0	1.0	0.0	0.6079268033796119	0.0	0.0	1149026.0	0.925	0.07596071843285172	0.067416245	194875.0	-1.8984187979870917	0.75	0.0	0.2567949156464563	0
chr5	179727001	179728000	1.0	0.0	127001.0	0.16881076720587612	0.0	8617.0	300506.0	0.74	0.11116148309010054	0.124871701	2861.0	-1.9470836848361084	0.05263157894736842	0.0	0.443324987896296	0
chr6	296001	383000	1.0	9.0	256001.0	0.872924892794973	0.0	0.0	nan	0.934	0.5526959994135278	0.182900115	0.0	-1.4968211614934974	0.8181818181818182	1.070663811563169	0.3506181247468826	0
chr6	26673001	26711000	0.0	0.0	369000.0	0.7865664671167155	13021.0	122001.0	nan	0.915	0.01377003974081094	0.07779758	65106.0	nan	0.0	0.4926108374384237	0.08597223810574194	0
chr6	35754001	35767000	2.0	0.0	314001.0	0.9968793784231308	0.0	59974.0	443980.0	1.77	0.6068145178976164	0.025263769	28460.0	-3.6210982297888035	1.0	0.0	0.1471562347960366	0
chr6	57240001	57245000	1.0	0.0	40001.0	0.8138241412983485	0.0	6417.0	nan	1.034	0.15337375038028614	0.188824743	65596.0	-1.4576648314958982	0.09523809523809523	0.0	0.26851817916345794	0
chr6	57268001	57285000	1.0	0.0	68001.0	0.8138241412983485	0.0	46.0	nan	1.034	0.052884167814441004	0.188824743	25596.0	-1.4576648314958982	0.0	0.0	0.3947103004626379	0
chr6	57289001	57297000	1.0	1.0	89001.0	0.8138241412983485	0.0	0.0	nan	1.034	0.4302045272388168	0.188824743	13596.0	-1.4576648314958982	0.0	0.0	0.3840138911350366	0
chr6	57382001	57495000	1.0	6.0	182001.0	0.8138241412983485	0.0	0.0	nan	1.034	0.2171289861448139	0.188824743	0.0	-1.4576648314958982	0.23809523809523808	0.0	0.425862391964317	0
chr6	58776001	58780000	0.0	3.0	16001.0	0.7545960174924639	nan	0.0	nan	nan	nan	nan	nan	nan	0.0	nan	0.10176844056020289	0
chr6	74709001	74719000	0.0	0.0	349001.0	0.9226213221245702	170961.0	60845.0	nan	1.189	0.11313258139303531	0.035884994	12997.0	nan	0.0	0.0	0.10737856543667228	0
chr6	161033001	161068000	1.0	0.0	52000.0	0.9541247399482019	0.0	193271.0	nan	1.524	0.004416888017751686	0.013468738	21013.0	-4.293823718420676	0.3333333333333333	0.0	0.19299751436472024	0
chr7	10001	25000	0.0	0.0	10001.0	0.9984927610070904	167969.0	64354.0	167969.0	0.489	0.19046810078110923	0.177320286	15449.0	nan	0.0	0.0	0.09904618714245185	0
chr7	56438001	56443000	0.0	0.0	238001.0	0.6079268033796119	744321.0	108603.0	nan	1.788	0.0737821407502513	0.000978562	nan	nan	0.0	0.0	0.00930448319796146	0
chr7	61055001	61056000	0.0	0.0	15001.0	0.9868594234280135	nan	765873.0	nan	nan	0.4287058767001232	nan	nan	nan	0.0	nan	0.07748989084389389	0
chr7	61098001	61103000	0.0	0.0	58001.0	0.9868594234280135	nan	718873.0	nan	nan	0.4287058767001232	nan	nan	nan	0.0	nan	0.07511449401849705	0
chr7	61238001	61244000	0.0	0.0	198001.0	0.9868594234280135	nan	577873.0	nan	nan	0.4287058767001232	nan	nan	nan	0.0	nan	0.10032517175366329	0
chr7	61526001	61546000	0.0	0.0	334000.0	0.4096081178618435	nan	275873.0	nan	nan	0.4287058767001232	nan	nan	nan	0.0	nan	0.08887348476847785	0
chr7	61554001	61560000	0.0	0.0	320000.0	0.4096081178618435	nan	261873.0	nan	nan	0.4287058767001232	nan	nan	nan	0.0	nan	0.0889211038160969	0
chr7	61857001	61894000	0.0	0.0	0.0	0.4096081178618435	nan	35034.0	nan	nan	0.4287058767001232	nan	nan	nan	0.0	nan	0.14172563210997804	0
chr7	61904001	61917000	0.0	0.0	24001.0	0.4096081178618435	nan	nan	nan	nan	nan	nan	nan	nan	0.0	nan	0.06815592749069632	0
chr7	61968001	61971000	0.0	2.0	8001.0	0.4096081178618435	1534821.0	0.0	nan	1.785	nan	0.001394933	505107.0	nan	0.0	0.0	0.10724914427530467	0
chr7	63025001	63042000	0.0	0.0	1065001.0	0.4096081178618435	463821.0	318152.0	nan	1.785	0.03605678764538528	0.001394933	548678.0	nan	0.0	0.0	0.005411854570550222	0
chr7	65277001	65288000	0.0	0.0	77001.0	0.7159385216320638	50254.0	72437.0	137671.0	0.489	0.053203729581819334	0.132005982	0.0	nan	0.0	0.0	0.1012814897434867	0
chr7	100606001	100612000	1.0	0.0	108000.0	0.5276397911094128	0.0	83919.0	180880.0	1.061	nan	0.001683398	0.0	-6.3852560927527175	0.6666666666666666	0.0	0.15352045867359346	0
chr7	102121001	102315000	5.0	0.0	1001.0	0.9968793784231308	0.0	nan	nan	1.196	nan	0.051766062	nan	-2.5444618079949413	1.0	0.0	0.19220694318494155	0
chr7	107409001	107411000	1.0	0.0	389000.0	0.9007132849318558	0.0	50501.0	120415.0	0.955	0.037162958004694005	0.056559277	24816.0	-2.814244297504679	0.0	0.0	0.35510694215805205	0
chr7	118342001	118344000	0.0	0.0	462001.0	0.9465673162654439	459216.0	176575.0	nan	1.227	0.8473911424405497	0.005530332	111515.0	nan	0.0	0.0	0.05730685919046096	0
chr7	157939001	157942000	1.0	0.0	739001.0	0.9669468857470386	0.0	1729.0	482003.0	0.568	0.02718960927880329	0.133975302	12619.0	-1.8662579582559762	0.0	0.0	0.5126556546734881	1
chr7	158387001	158388000	0.0	1.0	732000.0	0.99987262769074	6521.0	0.0	36003.0	0.568	0.3347160003115149	0.133975302	8368.0	nan	0.0	0.0	0.25163979152337645	0
chr8	2196001	2285000	0.0	3.0	156001.0	0.9124952235384027	82526.0	0.0	nan	1.484	0.2105384599059247	0.036862346	0.0	nan	0.0	0.0	0.09240143166006352	0
chr8	6829001	6879000	1.0	0.0	201000.0	0.8557720884812975	0.0	24640.0	nan	1.894	0.013286812644955874	0.000379842	5391.0	-7.875375267023789	1.0	0.0	0.14746088225499995	0
chr8	7111001	7153000	0.0	0.0	31001.0	0.8557720884812975	60039.0	nan	nan	1.931	nan	0.001958911	nan	nan	0.0	0.0	0.008922326465804726	0
chr8	7207001	7281000	2.0	0.0	39000.0	0.6683649641234662	0.0	nan	nan	1.93	nan	0.001958911	nan	-6.127857899446374	1.0	0.0	0.010456139776975692	0
chr8	7425001	7443000	0.0	0.0	105001.0	0.6683649641234662	58168.0	nan	nan	0.0	nan	0.0	nan	nan	0.0	0.0	0.034576297658011214	0
chr8	7621001	7627000	0.0	0.0	301001.0	0.6683649641234662	42242.0	nan	nan	1.848	nan	0.001565936	nan	nan	0.0	0.0	0.0054092908902691516	0
chr8	7871001	7890000	0.0	0.0	110000.0	0.9541247399482019	58730.0	nan	nan	1.876	nan	0.000954995	nan	nan	0.0	0.0	0.01361712056059882	0
chr8	7987001	8064000	0.0	0.0	0.0	0.9541247399482019	174730.0	74822.0	nan	1.876	0.013549872029082585	0.000954995	41405.0	nan	0.0	0.0	0.019495738825612608	0
chr8	12341001	12456000	0.0	0.0	24000.0	0.6683649641234662	47086.0	nan	nan	1.736	nan	0.001900627	nan	nan	0.0	0.0	0.003323775017253278	0
chr8	43487001	43496000	0.0	0.0	304000.0	0.7865664671167155	429003.0	258393.0	429003.0	0.729	0.2992901460923527	0.0322394	350776.0	nan	0.0	0.0	0.05258893174174503	0
chr8	43792001	43795000	0.0	0.0	5000.0	0.7865664671167155	734003.0	563393.0	734003.0	0.729	0.2992901460923527	0.0322394	655776.0	nan	0.0	0.0	0.06105700109928806	0
chr8	43820001	43838000	0.0	0.0	20001.0	0.7865664671167155	nan	3018094.0	nan	nan	nan	nan	3991342.0	nan	0.0	nan	0.025904308937877193	0
chr8	46839001	46857000	0.0	1.0	1303000.0	0.6683649641234662	nan	0.0	nan	nan	nan	nan	972342.0	nan	0.0	nan	0.1338864686031852	0
chr8	58117001	58127000	0.0	2.0	193000.0	0.7545960174924639	210598.0	0.0	210598.0	0.839	0.061415115252834836	0.148547552	0.0	nan	0.0	1.1918951132300357	0.18609944016995875	0
chr8	60135001	60137000	0.0	1.0	695001.0	0.872924892794973	103234.0	0.0	962906.0	0.2	0.024903226005394134	0.926658511	7083.0	nan	0.0	0.0	0.3730640524202457	0
chr8	86554001	86576000	1.0	0.0	354001.0	0.6683649641234662	0.0	11023.0	160279.0	0.0	0.0060483113975266	0.0	177378.0	nan	0.0	0.0	0.13978614202790676	0
chr8	86727001	86841000	0.0	0.0	527001.0	0.6683649641234662	151275.0	12135.0	333279.0	0.0	0.0044275021413100885	0.0	144696.0	nan	0.0	0.0	0.14024250277379505	0
chr8	112168001	112169000	0.0	0.0	48001.0	0.4096081178618435	nan	4654.0	nan	nan	0.30964320620439295	nan	15194.0	nan	0.0	nan	0.1592908012998782	0
chr8	128463001	129763000	2.0	113.0	623001.0	0.9316647560820278	0.0	0.0	nan	0.0	nan	0.999707157	0.0	8.13558104284935	1.0	6.097560975609756	0.6721673813810115	1
chr8	129766001	130804000	1.0	75.0	0.0	0.9715959750350274	0.0	0.0	nan	1.25	0.8615952407612519	0.000384001	0.0	-7.864481326465948	1.0	0.0	0.23305527053418848	0
chr8	144750001	144752000	0.0	0.0	390001.0	0.9760540058591263	14101.0	33317.0	121090.0	1.153	0.3157546345405671	0.009010638	31826.0	nan	0.0	0.0	0.1763153247115206	0
chr9	10001	32000	0.0	0.0	10001.0	0.9968793784231308	84237.0	82399.0	182854.0	1.896	0.0010363734050269162	0.006056969	183023.0	nan	0.0	0.0	0.05888540142205603	0
chr9	107001	303000	4.0	12.0	107001.0	0.9968793784231308	0.0	0.0	0.0	0.477	0.15124329767933867	0.209041054	0.0	-1.1647230374843947	1.0	0.8385744234800839	0.6858065407790714	1
chr9	41900001	41970000	0.0	0.0	350000.0	0.5276397911094128	1063586.0	nan	nan	1.9	nan	0.001242463	nan	nan	0.0	0.0	0.008928792222270483	0
chr9	44791001	44806000	0.0	0.0	31001.0	0.7545960174924639	927559.0	72013.0	nan	0.0	0.018518067245222942	0.0	nan	nan	0.0	nan	0.04654311503122007	0
chr9	45351001	45356000	0.0	0.0	591001.0	0.7545960174924639	377559.0	472848.0	nan	0.0	0.018518067245222942	0.0	nan	nan	0.0	nan	0.018020423163404395	0
chr9	46878001	46908000	0.0	0.0	412000.0	0.6683649641234662	490970.0	1999848.0	nan	0.0	0.018518067245222942	0.0	nan	nan	0.0	nan	0.02839096139710052	0
chr9	66455001	66589000	0.0	2.0	771000.0	0.6079268033796119	945391.0	0.0	nan	1.943	0.18204078248696776	0.000744007	0.0	nan	0.0	0.0	0.07782383321113351	0
chr9	67208001	67340000	0.0	0.0	20000.0	0.6079268033796119	1698391.0	364154.0	nan	1.943	nan	0.000744007	749409.0	nan	0.0	0.0	0.028790209548905196	0
chr9	68358001	68494000	0.0	9.0	238001.0	0.6079268033796119	705480.0	0.0	nan	0.0	0.19030978949516006	0.0	nan	nan	0.0	0.0	0.12965446713512985	0
chr9	70836001	70840000	0.0	0.0	396001.0	0.5276397911094128	16397.0	322494.0	nan	1.887	0.0479927654015442	0.033490012	192183.0	nan	0.0	0.0	0.022808468101946346	0
chr9	140777001	140786000	1.0	0.0	337001.0	0.8138241412983485	0.0	5738.0	12533.0	0.24	0.002553137173857905	0.168604934	0.0	-1.5955467825617369	0.020833333333333332	0.0	0.5093528964344909	1
chr9	141119001	141153600	0.0	0.0	46400.0	0.9984927610070904	99925.0	347738.0	354533.0	0.24	0.002553137173857905	0.168604934	45249.0	nan	0.0	0.0	0.0871531598339143	0
